题号,第三版物理页,状态
9-1,287,frozen-next
9-2,287,frozen-next
9-3,287,frozen-next
9-4,287,frozen-next
9-5,287,frozen-next
9-6,287,frozen-next
9-7,288,frozen-next
9-8,288,frozen-next
9-9,288,frozen-next
9-10,288,frozen-next
9-11,288,frozen-next
9-12,288,frozen-next
9-13,288,frozen-next
9-14,289,frozen-next
9-15,289,frozen-next
9-16,289,frozen-next
9-17,289,frozen-next
9-18,289,frozen-next
9-19,289,frozen-next
9-20,290,frozen-next
9-21,290,frozen-next
9-22,290,frozen-next
9-23,290,frozen-next
9-24,290,frozen-next
9-25,290,frozen-next
9-26,290,frozen-next
9-27,290,frozen-next
9-28,290,frozen-next
9-29,291,frozen-next
9-30,291,frozen-next
9-31,291,frozen-next
9-32,291,frozen-next
9-33,291,frozen-next
9-34,291,frozen-next
9-35,291,frozen-next
9-36,291,frozen-next
