problem_id,title,source_position
DING-C4-E01,从正交分量判断两列圆偏振光,完整218页母本 PDF 物理页 140；第4章“真题分析与解答”典型例题 4.1。
DING-C4-E02,正交起偏器之间插入第三偏振片,完整218页母本 PDF 物理页 140--141；第4章“真题分析与解答”典型例题 4.2。
DING-C4-E03,部分偏振光旋转检偏器后的强度,完整218页母本 PDF 物理页 141；第4章“真题分析与解答”典型例题 4.3。
DING-C4-E04,左旋、右旋圆偏振与自然光混合的极值反演,完整218页母本 PDF 物理页 141；第4章“真题分析与解答”典型例题 4.4。
DING-C4-E05,方解石平板中o光与e光的Huygens作图,完整218页母本 PDF 物理页 141--142；第4章“真题分析与解答”典型例题 4.5。
DING-C4-E06,Wollaston棱镜的分束角,完整218页母本 PDF 物理页 142--143；第4章“真题分析与解答”典型例题 4.6。
DING-C4-E07,Babinet补偿器的条纹与楔角关系,完整218页母本 PDF 物理页 143--145；第4章“真题分析与解答”典型例题 4.7。
DING-C4-E08,自然光与圆偏振光混合的比例测量,完整218页母本 PDF 物理页 145--146；第4章“真题分析与解答”典型例题 4.8。
DING-C4-E09,由检偏极值与四分之一波片反演自然光和椭圆偏振光,完整218页母本 PDF 物理页 146；第4章“真题分析与解答”典型例题 4.9。
DING-C4-E10,线偏振光通过方解石晶片的强度分解与四分之一波厚度,完整218页母本 PDF 物理页 146--147；第4章“真题分析与解答”典型例题 4.10。
DING-C4-E11,石英晶片把线偏振光变成圆偏振或椭圆偏振,完整218页母本 PDF 物理页 147；第4章“真题分析与解答”典型例题 4.11。
DING-C4-E12,圆偏振光依次通过两块四分之一波片,完整218页母本 PDF 物理页 147--148；第4章“真题分析与解答”典型例题 4.12。
DING-C4-E13,半波片转动线偏振方向,完整218页母本 PDF 物理页 148；第4章“真题分析与解答”典型例题 4.13。
DING-C4-E14,四分之一波片与反射镜的往返偏振变换,完整218页母本 PDF 物理页 148--149；第4章“真题分析与解答”典型例题 4.14。
DING-C4-E15,鉴别三类混合偏振光,完整218页母本 PDF 物理页 149；第4章“真题分析与解答”典型例题 4.15。
DING-C4-E16,用自然光、反射镜和功率计识别三种偏振元件,完整218页母本 PDF 物理页 149--151；第4章“真题分析与解答”典型例题 4.16。
DING-C4-E17,两偏振片与四分之一波片系统的出射强度和偏振态,完整218页母本 PDF 物理页 151；第4章“真题分析与解答”典型例题 4.17。
DING-C4-E18,平行偏振片之间四分之一波片的最小厚度,完整218页母本 PDF 物理页 151--152；第4章“真题分析与解答”典型例题 4.18。
DING-C4-E19,吸收晶体与检偏器的强度计算,完整218页母本 PDF 物理页 152；第4章“真题分析与解答”典型例题 4.19。
DING-C4-E20,椭圆偏振光经相位片和检偏器后的强度,完整218页母本 PDF 物理页 155；第4章“真题分析与解答”典型例题 4.20。
DING-C4-E21,交叉偏振片间石英晶片的缺级波长,完整218页母本 PDF 物理页 155--156；第4章“真题分析与解答”典型例题 4.21。
DING-C4-E22,双折射滤光片的厚度、自由光谱范围与串联,完整218页母本 PDF 物理页 156--158；第4章“真题分析与解答”典型例题 4.22。
DING-C4-E23,方解石楔形片的偏振干涉条纹,完整218页母本 PDF 物理页 158--159；第4章“真题分析与解答”典型例题 4.23。
DING-C4-E24,石英楔片的条纹间距和可见度,完整218页母本 PDF 物理页 159--160；第4章“真题分析与解答”典型例题 4.24。
DING-C4-E25,方解石棱镜分光、检偏与最小偏向,完整218页母本 PDF 物理页 160--161；第4章“真题分析与解答”典型例题 4.25。
DING-C4-E26,晶体棱镜中的o/e分束角、强度比和相位差,完整218页母本 PDF 物理页 161--162；第4章“真题分析与解答”典型例题 4.26。
DING-C4-E27,全反射临界角与布儒斯特角的联系,完整218页母本 PDF 物理页 162；第4章“真题分析与解答”典型例题 4.27。
DING-C4-E28,两块布儒斯特反射玻璃片的偏振与转角强度,完整218页母本 PDF 物理页 162--164；第4章“真题分析与解答”典型例题 4.28。
DING-C4-E29,Brewster窗外腔激光器与Wollaston棱镜的单束输出,完整218页母本 PDF 物理页 164；第4章“真题分析与解答”典型例题 4.29。
DING-C4-E30,杨氏双孔单孔加偏振片后的极值与可见度,完整218页母本 PDF 物理页 164--165；第4章“真题分析与解答”典型例题 4.30。
DING-C4-E31,杨氏干涉中的偏振标记、量子擦除式恢复与相位反转,完整218页母本 PDF 物理页 165--166；第4章“真题分析与解答”典型例题 4.31。
DING-C4-E32,双缝后一片公共偏振片及单路半波片的影响,完整218页母本 PDF 物理页 166--167；第4章“真题分析与解答”典型例题 4.32。
DING-C4-E33,旋转半波片连续调节双缝条纹可见度,完整218页母本 PDF 物理页 167；第4章“真题分析与解答”典型例题 4.33。
DING-C4-E34,双缝两路四分之一波片与互补条纹的严格合成,完整218页母本 PDF 物理页 167--168；第4章“真题分析与解答”典型例题 4.34。
DING-C4-E35,半缝异号偏振投影下的夫琅禾费衍射,完整218页母本 PDF 物理页 168--169；第4章“真题分析与解答”典型例题 4.35。
