ID,题号,题面PDF物理页,当前状态,下一动作
ZY-CH2-2-1,2-1,122,OPEN,按固定模板逐题解答
ZY-CH2-2-2,2-2,122,OPEN,按固定模板逐题解答
ZY-CH2-2-3,2-3,122,OPEN,按固定模板逐题解答
ZY-CH2-2-4,2-4,123,OPEN,按固定模板逐题解答
ZY-CH2-2-5,2-5,123,OPEN,按固定模板逐题解答
ZY-CH2-2-6,2-6,123,OPEN,按固定模板逐题解答
ZY-CH2-2-7,2-7,123,OPEN,按固定模板逐题解答
ZY-CH2-2-8,2-8,123,OPEN,按固定模板逐题解答
ZY-CH2-2-9,2-9,123--124,OPEN,按固定模板逐题解答
ZY-CH2-2-10,2-10,124,OPEN,按固定模板逐题解答
ZY-CH2-2-11,2-11,124,OPEN,按固定模板逐题解答
ZY-CH2-2-12,2-12,124,OPEN,按固定模板逐题解答
ZY-CH2-2-13,2-13,124,OPEN,按固定模板逐题解答
ZY-CH2-2-14,2-14,124--125,OPEN,按固定模板逐题解答
ZY-CH2-2-15,2-15,125,OPEN,按固定模板逐题解答
ZY-CH2-2-16,2-16,125,OPEN,按固定模板逐题解答
ZY-CH2-2-17,2-17,125,OPEN,按固定模板逐题解答
ZY-CH2-2-18,2-18,125,OPEN,按固定模板逐题解答
ZY-CH2-2-19,2-19,125,OPEN,按固定模板逐题解答
ZY-CH2-2-20,2-20,125,OPEN,按固定模板逐题解答
ZY-CH2-2-21,2-21,126,OPEN,按固定模板逐题解答
ZY-CH2-2-22,2-22,126,OPEN,按固定模板逐题解答
ZY-CH2-2-23,2-23,126,OPEN,按固定模板逐题解答
ZY-CH2-2-24,2-24,126,OPEN,按固定模板逐题解答
ZY-CH2-2-25,2-25,126,OPEN,按固定模板逐题解答
ZY-CH2-2-26,2-26,126--127,OPEN,按固定模板逐题解答
ZY-CH2-2-27,2-27,127,OPEN,按固定模板逐题解答
ZY-CH2-2-28,2-28,127,OPEN,按固定模板逐题解答
ZY-CH2-2-29,2-29,127,OPEN,按固定模板逐题解答
ZY-CH2-2-30,2-30,127,OPEN,按固定模板逐题解答
ZY-CH2-2-31,2-31,127,OPEN,按固定模板逐题解答
ZY-CH2-2-32,2-32,127--128,OPEN,按固定模板逐题解答
ZY-CH2-2-33,2-33,128,OPEN,按固定模板逐题解答
ZY-CH2-2-34,2-34,128,OPEN,按固定模板逐题解答
ZY-CH2-2-35,2-35,128,OPEN,按固定模板逐题解答
ZY-CH2-2-36,2-36,128,OPEN,按固定模板逐题解答
ZY-CH2-2-37,2-37,129,OPEN,按固定模板逐题解答
ZY-CH2-2-38,2-38,129,OPEN,按固定模板逐题解答
ZY-CH2-2-39,2-39,129,OPEN,按固定模板逐题解答
ZY-CH2-2-40,2-40,129--130,OPEN,按固定模板逐题解答
