Date,Temperature,Humidity,WindSpeed,GeneralDiffuseFlows,DiffuseFlows,PowerConsumption_Zone1,PowerConsumption_Zone2,PowerConsumption_Zone3
2017-01-01,9.67529861111111,68.51930555555556,0.31514583333333335,121.39077083333333,25.99392361111111,28465.232067083332,17737.791286736112,17868.795180625002
2017-01-02,12.476875,71.45631944444443,0.0765625,120.40448611111111,27.22740972222222,28869.493670625,19557.725430694445,17820.763052708335
2017-01-03,12.100000000000001,74.98166666666667,0.07671527777777779,120.6860138888889,28.574659722222222,30562.447257291667,20057.269503680556,17620.803212916668
2017-01-04,10.509479166666667,75.45979166666666,0.08241666666666667,122.95931944444445,28.827222222222222,30689.831223611112,20102.077001041667,17673.694778680554
2017-01-05,10.866444444444445,71.04048611111111,0.08389583333333334,118.7498611111111,29.7414375,30802.911392847225,20033.941236666666,17664.17670701389
2017-01-06,11.685208333333334,77.25777777777779,0.1459513888888889,63.70045138888889,59.3335625,30712.236287083335,20139.76697027778,17481.084337430555
2017-01-07,12.018819444444444,76.21708333333333,0.08293055555555556,88.99876388888889,48.84979166666667,30612.70042166667,19252.431610555555,17985.943774791667
2017-01-08,14.724652777777777,69.1092361111111,0.08130555555555556,71.08220833333333,46.38775694444445,29559.915611944445,17221.124619930557,17810.60240951389
2017-01-09,15.490138888888888,68.33236111111111,0.0741736111111111,110.43366666666667,55.82734027777778,30540.253164583333,19102.634245138892,17417.79116465278
2017-01-10,14.019583333333333,75.67840277777778,0.07829166666666666,112.49841666666667,47.99520138888889,31863.291138333334,19405.268490000002,17425.341365555556
2017-01-11,13.28173611111111,66.88777777777779,0.08498611111111111,105.36074305555556,55.91807638888889,31057.763713194447,18717.426544583333,17307.590361249997
2017-01-12,13.895555555555555,75.76416666666667,0.07680555555555556,101.71785416666665,70.149,32075.94936736111,19837.234041944444,17507.389558402778
2017-01-13,14.630625,81.34305555555555,0.07468055555555556,60.06761805555555,61.13746527777778,31476.075949375,19515.62816576389,17051.686747083335
2017-01-14,14.98798611111111,68.53708333333333,0.08289583333333334,63.073763888888884,56.10359027777778,30834.683544375002,18788.627153194444,17716.144578194442
2017-01-15,14.23263888888889,70.70347222222222,0.08275694444444444,114.76560416666666,87.08761805555555,26771.5189875,19632.624113333335,17620.04016076389
2017-01-16,13.365972222222222,61.189097222222216,0.08178472222222223,88.96383333333333,91.19340277777778,30587.257384166664,19720.8713275,17505.943775069445
2017-01-17,11.371736111111112,63.79208333333333,0.08415972222222222,127.43204861111111,128.3338611111111,31831.64557,19180.547112430555,17854.979919583333
2017-01-18,13.681388888888888,52.67979166666667,0.08309027777777778,63.72349305555555,65.34704861111112,32860.50632868055,21175.607902916665,18573.493975972222
2017-01-19,11.641875,67.79041666666666,0.0843125,58.05861111111111,59.19175694444444,32140.210970208333,20905.952381249997,18239.919678749997
2017-01-20,11.16986111111111,60.58222222222222,0.8279861111111111,72.23779861111112,75.507625,31783.164557291668,20637.38601847222,17631.566265347225
2017-01-21,11.184236111111112,62.97277777777778,0.33011111111111113,130.4620486111111,141.76535416666667,31928.016877708335,20048.86018236111,18346.10441777778
2017-01-22,12.839097222222222,63.60173611111111,0.08417361111111112,57.78878472222222,58.98938888888889,30921.687763402777,16761.271529840276,17849.23694763889
2017-01-23,11.418055555555556,71.93284722222222,0.08452083333333332,129.0916736111111,140.99372222222223,32505.400843333337,19702.203647777776,18078.87550222222
2017-01-24,10.841402777777779,60.18784722222222,0.08524999999999999,144.54821527777779,161.29555555555555,31583.24894527778,19651.671732500003,17995.220883888887
2017-01-25,9.884284722222223,61.5176388888889,0.9647916666666667,145.4972013888889,162.4507986111111,32303.670886249998,20058.308003680555,17658.955823194447
2017-01-26,11.22036111111111,68.71520833333334,0.08495833333333333,142.46874305555556,86.33370138888888,32694.641350416667,20066.464032569445,18061.20481923611
2017-01-27,11.854840277777777,71.71111111111111,0.08701388888888889,140.2434861111111,32.01271527777778,32296.751054166667,20191.69199576389,17724.016064444444
2017-01-28,13.521388888888888,59.90111111111111,2.8145416666666665,143.50805555555556,30.511618055555555,31298.227847986112,19075.101317152777,17792.891566319442
2017-01-29,14.560069444444444,60.06652777777778,4.917513888888888,143.11444444444444,52.51061111111111,29260.590717638886,16838.221884444443,17504.698794930555
2017-01-30,16.618680555555557,68.65555555555555,4.915354166666667,70.37559722222221,62.82386805555556,31524.008438819445,18932.953394444445,17577.991967569444
2017-01-31,15.267569444444446,70.53381944444445,4.916673611111111,50.24169444444445,50.89472222222222,31593.966244652776,19179.103343541665,17762.00803215278
2017-02-01,11.241597222222222,56.077708333333334,4.9198055555555555,163.06277083333333,177.60451388888887,31374.194915347223,19077.127659166665,17562.572864444446
2017-02-02,11.112590277777777,60.56298611111111,4.91675,113.11616666666666,118.67217361111112,31880.932203333334,19304.22999,17783.236180972224
2017-02-03,13.890069444444444,64.120625,2.7039791666666666,78.49979166666667,80.97660416666666,30736.01694923611,18653.951368194445,17049.366834236112
2017-02-04,11.276874999999999,63.99138888888889,0.08346527777777778,97.13318055555555,103.87009722222223,30666.610169583335,17635.663626666665,17805.587939375
2017-02-05,8.984631944444445,50.14993055555556,0.08779166666666666,164.29199305555554,124.54094444444445,28260.042373055556,16458.459979652776,17380.582914791667
2017-02-06,10.513958333333333,50.349375,0.08611111111111111,124.59736805555556,61.26788888888888,30540.635593125,18529.432623958335,17080.361808958332
2017-02-07,8.627868055555556,69.4475,0.08387499999999999,48.959583333333335,45.49729166666666,30711.864406875,18618.870313819443,17078.673366805553
2017-02-08,8.781958333333334,84.14243055555556,3.2431319444444444,74.08236805555556,61.11032638888889,30636.525423680556,18604.863221736112,16994.211055555556
2017-02-09,12.821458333333332,63.51861111111111,4.917472222222222,131.66053472222222,37.50530555555556,30714.025423611114,18803.622087152777,17037.949748958334
2017-02-10,12.149097222222222,79.81652777777778,4.916666666666667,69.16770138888889,66.10753472222223,30708.983051250005,19290.856129583335,17219.135678402778
2017-02-11,12.733194444444443,74.36243055555556,2.4897430555555555,106.48236805555555,76.66683333333333,31052.66949173611,18591.514690833334,17523.336683326386
2017-02-12,11.933541666666667,87.92569444444445,0.07694444444444444,72.24051388888888,59.449819444444444,29977.54237298611,17305.521783604167,17726.99497529167
2017-02-13,12.243958333333332,75.60340277777777,0.08322222222222223,146.4645138888889,43.71253472222222,32350.50847479167,19501.621074027775,17409.929648055557
2017-02-14,14.089166666666666,63.46666666666667,0.08317361111111111,161.77672222222222,91.68936805555556,29677.838983333335,20024.645390069447,17169.206030208334
2017-02-15,15.203541666666666,66.55180555555555,0.08147222222222222,113.65752083333332,97.51704861111111,30919.067796944448,19976.849037152777,17535.758793541667
2017-02-16,13.774375,66.69548611111111,0.08258333333333333,112.0359375,100.57691666666668,31357.966101249996,20202.051671597223,17506.050251180553
2017-02-17,11.412083333333333,72.35631944444444,0.08009722222222222,63.475208333333335,61.624986111111106,31651.271186527778,19329.508611805555,16930.090451944445
2017-02-18,12.653333333333332,79.06597222222223,0.07211805555555556,26.444944444444445,26.715604166666665,31432.372881041665,18066.08409326389,17323.17587958333
2017-02-19,13.786458333333334,70.27749999999999,0.07363194444444444,47.47260416666667,47.523159722222225,30051.059321666668,18087.68996951389,18063.798995069446
2017-02-20,13.039166666666667,74.32159722222222,0.07534027777777778,79.88744444444444,81.83072916666667,32140.25423736111,20066.033434583333,17588.86432138889
2017-02-21,12.213756944444444,70.08458333333334,0.08324305555555556,165.36673611111112,174.86126388888889,31934.025422986113,19838.095237986112,17231.879396805554
2017-02-22,14.832083333333335,61.01868055555556,0.08268055555555556,194.14577777777777,209.13422222222223,31783.05084756944,19099.113475069447,17468.904522430556
2017-02-23,15.271666666666667,61.08166666666667,0.9611180555555556,195.03984027777778,207.61466666666666,32610.423729305556,18417.55319152778,17771.296482499998
2017-02-24,13.823402777777778,57.84777777777778,0.0833888888888889,198.59304166666666,144.87425694444445,31259.95762708333,19221.580547569447,16684.984924791665
2017-02-25,12.625118055555555,57.35138888888889,0.08520833333333333,195.14740972222222,56.3879375,30633.771186597223,18140.526849027778,17267.457286180557
2017-02-26,14.465347222222224,61.85458333333333,0.08427777777777778,194.1713472222222,61.10373611111111,30008.008475,17072.264437499998,17222.914572763886
2017-02-27,15.117013888888888,62.041805555555555,0.08156944444444444,195.30263888888888,69.86713194444445,31352.118644166665,19127.406281944444,17041.44723638889
2017-02-28,15.427083333333334,59.35256944444445,0.08296527777777779,189.25430555555556,77.27929861111112,31179.36440680556,19013.069908611113,16922.291456875
2017-03-01,15.330486111111112,74.48604166666667,0.08754166666666667,197.46011805555557,73.43806944444445,31144.89361673611,18950.609756180555,17079.51612861111
2017-03-02,16.142777777777777,77.28437500000001,1.5446666666666669,196.63129166666667,60.05318055555555,30991.914893611116,19578.683943194443,16982.580645625
2017-03-03,16.774930555555557,71.11791666666666,4.913722222222223,196.59920833333334,73.88630555555557,31079.957446527776,19490.066056875003,16922.90322576389
2017-03-04,14.702708333333334,70.44472222222223,4.915472222222222,120.8650763888889,114.56084027777777,30998.127659375004,17706.07215423611,17185.120967569444
2017-03-05,13.64875,56.93451388888889,3.9431041666666666,218.76407638888887,92.9992986111111,29519.106383611113,16571.925813125,16760.00000009722
2017-03-06,13.246041666666667,69.77145833333333,0.07772222222222222,208.71997222222222,105.68385416666666,31990.723404166663,19109.603658680557,16710.604838472223
2017-03-07,12.273361111111111,77.14041666666667,0.07845138888888888,217.17883333333333,115.78384027777777,31124.382978888887,19913.338415208334,16801.693548819443
2017-03-08,12.855694444444445,76.930625,0.10489583333333334,145.16541666666666,93.5147361111111,32635.999999652777,18455.691056736112,16775.806451805558
2017-03-09,12.95722222222222,82.20416666666667,0.0755625,131.99354861111112,109.972375,31187.74468125,19614.913618472223,17182.500000069445
2017-03-10,15.245000000000001,72.05118055555556,0.08043055555555556,206.0116111111111,63.424125000000004,30931.914893263885,19049.415650694442,16890.36290326389
2017-03-11,15.366319444444445,67.47673611111111,3.606875,223.09708333333333,46.31427083333333,30939.489361805558,17918.622967222225,17900.000000208336
2017-03-12,14.823125000000001,64.73124999999999,0.08642361111111112,209.31522916666665,50.14406944444445,29463.574467916667,16985.54369888889,17666.048386597224
2017-03-13,13.390555555555556,76.01263888888889,0.08104166666666666,216.85903472222222,59.31726388888889,31480.85106375,18791.260162291666,17280.32258041667
2017-03-14,14.580763888888889,77.21840277777778,0.07472916666666667,158.1542638888889,92.14725694444445,31078.29787222222,19072.383130208334,17504.354839097225
2017-03-15,13.358472222222222,68.133125,0.0823263888888889,220.6359375,59.38032638888889,32479.82978736111,19296.341463680557,17111.85483888889
2017-03-16,12.353333333333332,76.98625,0.08018055555555555,93.68853472222222,66.50291666666666,32600.340425694445,19542.835365763887,17367.983870972224
2017-03-17,12.105555555555556,80.94583333333334,0.07411111111111111,95.44116666666667,81.06627777777777,31442.382978541667,18428.683943124997,17264.87903201389
2017-03-18,11.520763888888888,85.21111111111111,0.08060416666666666,48.242486111111106,44.224020833333334,31103.914893888887,17700.40650402778,17142.66129
2017-03-19,11.99388888888889,77.23965277777778,0.08065277777777778,40.67515972222222,37.47313194444445,29831.40425548611,16417.022357756945,16793.991935444446
2017-03-20,12.935069444444444,77.479375,0.08116666666666666,116.31318749999998,87.81792361111111,31133.702127361114,19037.830284444444,16666.209677847222
2017-03-21,14.032430555555557,76.39152777777777,0.07913194444444444,128.93880555555558,72.59279166666666,30730.127659722224,18936.96646298611,16676.49193534722
2017-03-22,13.213472222222222,82.010625,0.07910416666666667,139.6434375,82.82365972222222,31426.468085069442,19343.495934861112,16467.217741472225
2017-03-23,11.495277777777778,63.653749999999995,0.0820625,162.4177152777778,132.61854861111112,31182.29787222222,18978.963414583333,16733.467741993056
2017-03-24,13.103472222222223,59.847500000000004,0.08441666666666667,195.76679166666668,132.09585416666667,30556.42553180556,18879.522358194445,16342.217741944445
2017-03-25,13.309513888888889,58.411180555555546,0.08439583333333334,199.59418749999998,152.59243055555555,30270.808510555555,17556.021341527776,16589.83870990972
2017-03-26,16.603125,61.669999999999995,0.08191666666666668,249.96713194444445,145.1858263888889,29538.382978680558,15423.145325243057,16496.4516125625
2017-03-27,17.88451388888889,69.75347222222223,0.08381250000000001,253.838,167.05633333333333,31709.78723395833,17800.050813055554,16966.774193194447
2017-03-28,19.550208333333334,61.36381944444444,1.1989027777777777,258.5567013888889,189.5675138888889,30837.531914583335,18588.821138333333,16843.427419444444
2017-03-29,19.186944444444446,56.746180555555554,4.91925,251.37424305555558,154.27253472222222,33045.021276458334,17898.62804875,16576.209677777777
2017-03-30,19.610277777777778,61.24104166666666,4.27398611111111,254.38447222222223,74.20304166666666,32051.40425548611,18328.836381944442,17300.443548333333
2017-03-31,18.383055555555554,73.21201388888889,0.07520833333333334,257.5269583333333,82.78372916666666,31303.31914847222,18830.360772638887,16396.33064534722
2017-04-01,16.227500000000003,82.61388888888888,0.07096527777777778,62.496680555555564,56.61925,32420.581270208335,15425.534623194444,18278.666667013887
2017-04-02,15.186597222222222,86.61736111111111,0.07215277777777779,72.0024375,64.85149305555555,29012.96017208333,14779.098777701389,18370.909091111113
2017-04-03,14.996041666666665,86.49027777777778,0.10295833333333333,84.39921527777778,75.95950694444444,31676.469321805558,17494.373726875,18513.05050513889
2017-04-04,16.143541666666668,81.71208333333333,0.07083333333333333,135.06572222222223,117.38637499999999,31584.241119444443,17957.281059444445,18729.29292909722
2017-04-05,15.933402777777777,78.69590277777777,0.07089583333333332,53.53482638888889,49.874631944444445,31660.021528819445,17601.476578472222,19076.68686875
2017-04-06,14.429375,76.09215277777778,0.0725,30.10327777777778,27.33463888888889,31913.97201277778,17888.74745388889,19365.69696979167
2017-04-07,13.622847222222223,85.96458333333334,1.5576875,26.643319444444444,24.049375,31597.71797597222,17314.791242708332,18862.868686527778
2017-04-08,14.057152777777778,89.58541666666666,0.06844444444444445,34.48170138888889,31.369020833333334,31266.17868673611,16373.778004166667,19213.414141458332
2017-04-09,15.01375,86.05694444444445,0.07060416666666666,98.94367361111111,92.29748611111111,29716.34015097222,15166.878818847223,18714.62626229167
2017-04-10,15.194374999999999,84.56944444444444,0.07111805555555556,110.6739861111111,106.79986805555556,31240.861141250003,17965.427698541665,18655.070707430554
2017-04-11,15.476944444444444,83.0298611111111,0.07150694444444444,95.98963194444444,89.759,31511.302475833334,17668.813645277776,18576.080807916667
2017-04-12,16.130902777777777,85.37916666666666,0.07175000000000001,157.51020833333334,111.94987499999999,31536.14639388889,17851.52749513889,18605.01010111111
2017-04-13,16.481041666666666,83.04583333333333,0.07604166666666666,80.02733333333333,68.23761111111111,31604.04736291667,17720.11201625,19337.696969513887
2017-04-14,17.007291666666667,78.53944444444444,0.07772916666666667,156.4958263888889,100.63834722222222,31284.04736291667,17947.42871701389,18489.979797777778
2017-04-15,17.201458333333335,69.42194444444445,0.08183333333333334,156.7749652777778,81.30937499999999,31056.79225013889,17351.451119999998,19180.363636527778
2017-04-16,16.08833333333333,74.60069444444444,0.07920833333333334,271.0497569444444,120.07621527777776,29239.35414402778,15318.12627278472,18885.575757430557
2017-04-17,16.57541666666667,65.895625,0.08483333333333333,244.6377638888889,118.19669444444445,32091.883745972224,17932.230142083332,18716.48484861111
2017-04-18,16.619861111111113,56.65986111111111,0.0849513888888889,286.72006944444445,126.454375,32152.766415694445,18259.164969444442,18576.28282875
2017-04-19,15.562430555555554,71.47763888888889,0.07736805555555555,286.26377083333335,76.27473611111111,32190.828848055557,18437.16904284722,18638.020202152777
2017-04-20,16.191736111111112,84.59305555555555,0.06984027777777778,35.27977777777778,29.197756944444443,28433.240042430556,21631.491853333333,18881.292929305557
2017-04-21,16.66472222222222,85.68361111111112,0.07308333333333333,107.93329166666666,94.56050694444444,32530.76426291667,17318.762729583334,18333.212121041666
2017-04-22,16.154652777777777,81.94444444444444,0.0735,153.9203611111111,114.44978472222222,31427.77179777778,17670.290224166667,18822.909091111113
2017-04-23,17.584305555555556,72.18166666666667,0.0829513888888889,204.21269444444445,104.90088194444445,29384.1980625,15529.557026819446,18247.878787916667
2017-04-24,18.037430555555556,66.96618055555555,0.08379166666666667,202.21970833333333,112.57282638888888,31442.066738333335,18375.63645590278,18183.75757534722
2017-04-25,18.21625,66.10791666666667,0.08073611111111112,185.10413194444445,89.14041666666667,31831.25941881944,18392.082484930557,18364.161616319445
2017-04-26,18.083333333333332,59.0842361111111,0.08200694444444445,280.1852430555556,94.48877083333333,31789.451022499998,18600.305498888887,18363.515151805554
2017-04-27,17.226319444444446,60.93409722222222,0.08088888888888889,289.64659027777776,85.26529166666666,31668.719052777782,19164.002036527778,17868.888888819445
2017-04-28,18.22451388888889,57.48840277777778,0.1341527777777778,288.95927777777774,85.43940277777777,31550.22604895833,20167.489816597223,17670.222222430555
2017-04-29,18.920972222222222,57.01152777777778,0.5946944444444444,296.40964583333334,84.35521527777777,31390.13993534722,18748.778004305557,18323.676767916666
2017-04-30,20.08138888888889,58.83236111111111,2.439027777777778,294.28770833333334,95.27541666666667,28888.697524166666,16967.184317569445,17949.737374166667
2017-05-01,20.998472222222222,56.028194444444445,0.07663888888888888,294.66975694444443,97.65371527777778,29366.469945763893,17601.28998986111,17447.246963472222
2017-05-02,22.915000000000003,49.80125,0.07835416666666667,217.64093055555557,121.1157638888889,31934.338797708333,19782.275541805557,16943.157894930555
2017-05-03,22.476597222222225,46.99194444444444,0.0800625,206.8785,128.09619444444445,30554.666666805555,20009.468524583335,17051.45748951389
2017-05-04,19.07465277777778,68.69958333333334,0.0803125,130.45899305555557,113.91397916666668,32105.704917986113,20396.207430277776,17297.165991944446
2017-05-05,19.903958333333335,50.67854166666667,3.7133125,308.0857222222222,117.30671527777778,31792.262295000004,20672.420020555557,16813.886639444445
2017-05-06,18.574236111111112,69.94611111111111,1.970875,303.5006319444444,117.81528472222223,31787.45355208333,19412.30650159722,17513.84615409722
2017-05-07,21.062013888888888,55.719722222222224,0.23552083333333332,312.3438263888889,131.07293055555556,29499.19125715278,17517.414860555557,17297.327934604167
2017-05-08,19.450625,65.485625,0.08097916666666666,317.0095416666667,136.5957986111111,32498.97267784722,20177.425180694445,17445.748987847222
2017-05-09,19.455972222222222,80.58194444444445,3.754513888888889,269.2281805555556,118.03997222222223,32179.84699402778,20504.669762708334,17297.854250972225
2017-05-10,19.309652777777778,79.3595138888889,4.918041666666666,285.3223472222222,119.44127083333335,32841.61748645834,20581.707946388888,17334.61538451389
2017-05-11,19.80173611111111,79.56347222222222,3.9542847222222224,299.48554861111114,163.23295833333333,32754.448087847224,20552.16718263889,17366.801619513888
2017-05-12,19.166319444444444,82.64583333333333,0.06984722222222223,258.7441388888889,136.35486805555556,32365.72677638889,20176.62538701389,17098.09716611111
2017-05-13,24.585833333333333,54.28076388888889,0.6513402777777778,291.0369166666667,171.76521527777777,31987.93442625,18951.16099048611,17795.951416875
2017-05-14,23.021875,45.36958333333334,1.5595138888888889,317.02833333333336,168.0709236111111,30132.54644819444,17439.138286805555,17549.14979763889
2017-05-15,18.83013888888889,73.25861111111111,3.522375,297.8821527777778,174.69131249999998,32627.234972500002,20058.97832847222,17815.384615486113
2017-05-16,19.410416666666666,74.01590277777777,4.919847222222222,301.9104652777778,170.02210416666668,32700.240437361106,20586.687306666667,17632.753036180555
2017-05-17,19.239583333333332,77.99687499999999,4.918881944444444,261.685375,167.41377083333333,32651.36612013889,20489.370485208332,17666.437247152775
2017-05-18,21.699166666666667,64.29569444444445,4.4367222222222225,310.617125,123.14479166666666,32719.47540979167,20896.64602666667,17704.170040069446
2017-05-19,20.017083333333332,72.0148611111111,0.07352083333333333,295.8683888888889,116.84891666666665,32147.58469958333,20058.101135833334,17124.696356180553
2017-05-20,19.884027777777778,75.15847222222222,0.06882638888888888,310.46331944444444,82.5370138888889,32090.49180284722,19415.634674583333,18027.89473722222
2017-05-21,19.19020833333333,70.02694444444444,0.07015972222222222,304.94561805555554,79.17310416666666,31507.06010972222,17107.352941138888,17591.01214576389
2017-05-22,18.86375,73.56576388888888,0.06980555555555555,231.68858333333336,110.31611805555556,33288.918033125,20784.004128333334,17287.32793513889
2017-05-23,17.577777777777776,72.71368055555556,2.551152777777778,201.8695138888889,102.08839583333332,33497.442623055555,20898.40041263889,17763.40080951389
2017-05-24,17.83138888888889,75.65347222222222,4.707451388888889,122.06637500000001,92.92456944444444,33169.57377069444,20983.023735694445,17525.22267201389
2017-05-25,18.67763888888889,76.88895833333333,4.919277777777777,311.1361736111111,86.3443125,33610.92896166667,20418.163054652778,18073.603239166667
2017-05-26,19.095694444444447,81.29388888888889,4.919402777777778,309.00750694444446,91.15534722222223,33875.497267638886,21259.752321944445,17674.898785625
2017-05-27,20.084375,81.55388888888889,4.059631944444444,293.0879027777778,136.13654166666666,33967.56284125,20723.529411666666,18332.71255035417
2017-05-28,22.290208333333332,66.42069444444445,0.07518055555555556,220.11383333333333,114.29909722222222,32540.677595416666,19078.431372916664,18413.684210763888
2017-05-29,23.61652777777778,59.14326388888888,1.5819999999999999,312.8390416666667,116.33734722222223,34164.02185784722,20840.428276666666,18523.684210833333
2017-05-30,21.62201388888889,75.07875,4.922020833333333,282.45296527777776,108.68274305555556,33927.081966944446,20954.411764444445,18385.951417097225
2017-05-31,21.373541666666668,75.85381944444445,4.206555555555556,304.58833333333337,101.90913888888889,33989.94535555555,20968.730649583333,18458.987854097224
2017-06-01,21.278333333333332,77.35194444444444,0.8801458333333333,300.80294444444445,99.51728472222221,34350.55187625,21158.835759374997,18727.384615625
2017-06-02,21.514097222222222,78.25270833333333,0.06866666666666667,312.2395138888889,126.59635416666667,34905.96026513889,20815.462577916667,18479.794871805556
2017-06-03,21.396875,76.33194444444445,0.06861805555555556,314.97222222222223,122.68420833333334,35975.36423861111,20108.471933819445,19207.46666611111
2017-06-04,21.09652777777778,80.1307638888889,0.06864583333333334,155.57608333333332,119.5985,32234.701986597225,18743.009355923612,19195.117948472223
2017-06-05,21.411180555555557,81.93180555555556,0.06828472222222222,193.41793055555556,131.20265277777779,34450.06622541667,20985.68087340278,19198.60512826389
2017-06-06,21.42763888888889,84.48194444444444,0.06744444444444445,156.90159027777779,122.03860416666667,34280.088300208336,21861.538461944445,19352.328205069443
2017-06-07,21.459375,79.70625000000001,0.06918750000000001,273.26543055555555,126.94265277777777,34332.538631111114,21972.453222916665,19240.820512708335
2017-06-08,22.19493055555556,74.13736111111112,0.07331944444444444,271.2932083333333,102.38815277777778,34885.12141222222,21905.353430138886,19279.261538125
2017-06-09,22.74263888888889,64.27284722222223,0.07792361111111111,280.41728472222223,131.88249305555556,34901.63355388889,20966.787941805556,18792.492307499997
2017-06-10,21.678194444444443,61.316874999999996,0.081375,204.41653472222222,138.29143055555556,35553.81898423611,18515.098752291666,19443.774358958333
2017-06-11,21.76020833333333,55.61694444444444,0.08007638888888889,244.93154166666667,150.0319722222222,33096.158940416666,18294.67255784722,19450.50256423611
2017-06-12,20.024166666666666,54.784305555555555,0.08109027777777778,148.98965277777776,98.84648611111112,35526.18101548611,20772.011434930555,19470.071794722222
2017-06-13,20.511458333333334,51.23569444444444,0.08099305555555555,260.87420833333334,163.02438194444443,35300.66225159723,21476.741164305553,19538.379487013888
2017-06-14,20.441875,56.059444444444445,0.08014583333333333,190.84309027777778,104.01465972222223,35106.9315675,22173.90852375,19761.84615423611
2017-06-15,21.28763888888889,52.43763888888889,0.07586805555555556,333.9561736111111,122.61725694444443,35532.98013229167,21797.141372500002,19967.835897430556
2017-06-16,21.18451388888889,65.555625,0.07033333333333333,335.0657013888889,114.22344444444444,35390.37527590278,22397.349272430554,19830.358974305553
2017-06-17,21.74972222222222,75.34680555555556,0.06443055555555556,331.7616388888889,82.98250694444444,35335.98234,20899.558212291668,21546.912820625
2017-06-18,21.708194444444445,76.954375,0.06778472222222223,328.19730555555554,81.12349999999999,33874.87858708334,19476.923077291667,20589.661538541666
2017-06-19,21.585069444444443,79.024375,0.0679513888888889,315.86151388888885,77.34424305555555,36308.96247222222,22190.982328888887,20817.846153680555
2017-06-20,22.897708333333334,74.16395833333334,0.0693263888888889,279.50631944444444,68.45313194444445,37031.788079375,21264.267152291668,21107.610255833333
2017-06-21,24.01861111111111,60.765625,1.518909722222222,324.16566666666665,84.08930555555555,37331.47902861112,21776.429313819444,20733.989743125
2017-06-22,23.56951388888889,48.50923611111111,4.919173611111111,334.20300000000003,83.55913194444445,36639.20529826389,22531.08108090278,20866.297435694447
2017-06-23,23.197083333333335,54.394305555555555,4.919069444444444,331.6011041666667,81.35121527777778,36932.362031041666,21811.82432395833,20837.948717777777
2017-06-24,21.523958333333333,72.98895833333333,4.919680555555555,309.6080625,66.79112500000001,36645.29801319444,19966.06029138889,22132.22564125
2017-06-25,22.519444444444446,74.67041666666667,4.919229166666667,325.8840833333333,80.43695833333334,35451.655629166664,19653.586278888888,23210.99487173611
2017-06-26,22.781319444444446,79.095,4.918291666666667,312.27806944444444,68.2908125,31291.655628888886,17968.607068194444,22729.558974305557
2017-06-27,23.389097222222222,74.60583333333334,4.918736111111111,303.68079861111113,79.98476388888889,29103.664459375002,17486.174635833333,21924.020512430558
2017-06-28,24.610972222222223,63.64743055555555,4.9197291666666665,314.2684861111111,89.03570833333333,32082.472406527777,20169.17879388889,22212.471795
2017-06-29,24.86215277777778,67.61368055555556,3.867479166666667,301.09264583333334,96.09454861111111,32148.079469999997,20005.899168194443,22661.333332986113
2017-06-30,24.459722222222222,63.91784722222222,4.918770833333333,299.2873263888889,99.21032638888889,32165.607064305554,20982.770270138888,22621.333333402777
2017-07-01,25.45715277777778,55.70666666666667,4.919472222222222,308.09215277777776,86.46275694444445,32224.629014305556,21104.456750694444,24162.3849375
2017-07-02,24.365625,74.0,4.919465277777778,301.71763194444446,96.22419444444444,31603.80952395833,19498.786919722224,24409.372384930557
2017-07-03,24.945138888888888,80.13048611111111,4.918784722222222,196.48444444444442,135.4624652777778,33872.95681027778,22420.46413465278,24423.64016763889
2017-07-04,25.27513888888889,78.75347222222223,4.918930555555556,284.27359027777777,116.78873611111112,33084.075304513884,23811.075949097223,24873.09623451389
2017-07-05,25.637083333333333,78.43340277777777,4.918152777777777,285.4075208333333,65.88306944444444,35379.09191604167,22962.4472575,25060.669456180556
2017-07-06,26.992708333333333,70.26472222222223,4.548555555555556,304.56,74.63547916666667,36044.96124027778,22044.831223819445,24744.937238263887
2017-07-07,29.424791666666668,50.14333333333334,2.7461736111111112,304.91740972222226,78.55511805555555,33831.36212604167,23206.592827152777,24549.916317847223
2017-07-08,26.971944444444446,53.81166666666667,4.9119375,305.93163194444446,78.97452777777778,34662.90143979167,22203.481012291668,25836.401674097222
2017-07-09,26.39090277777778,60.10930555555555,4.911680555555556,307.4435208333333,76.3516875,32541.351052013884,20631.777426250002,26615.648535625
2017-07-10,28.63291666666667,39.566875,4.9136597222222225,316.21479861111106,71.01721527777778,35854.750830694444,24043.855485,27280.000000625
2017-07-11,25.952569444444446,55.58111111111111,4.911013888888889,309.38694444444445,71.74293055555556,36514.595791736116,24585.57489451389,27623.34728034722
2017-07-12,25.845555555555556,70.05409722222223,4.908118055555556,308.7992013888889,71.09072222222223,36926.777409027774,24700.05274236111,27997.57322173611
2017-07-13,25.693194444444444,74.6717361111111,4.9050972222222216,308.71175694444446,76.79372222222223,36768.947951041664,24854.85232013889,27606.56903784722
2017-07-14,25.618472222222223,76.66763888888889,4.9128541666666665,295.0225,59.16101388888889,34508.34994458334,23967.747890416664,28225.606694930557
2017-07-15,26.520972222222223,76.01520833333333,4.914340277777778,243.53381249999998,105.82235416666667,35529.12513840278,23943.74999951389,29449.2887025
2017-07-16,26.709097222222223,80.48388888888888,4.9166944444444445,211.82340277777777,121.89109027777778,34962.34773013889,21809.045358819443,29578.451882569443
2017-07-17,28.502083333333335,57.784375000000004,4.923277777777778,305.56265972222224,65.87804861111111,36876.98781868056,24650.632911527777,29239.20502027778
2017-07-18,29.270416666666662,38.761875,4.922256944444444,314.12867361111114,62.40081944444445,37241.50609069444,25256.039029305553,29595.941422291668
2017-07-19,28.355138888888888,43.07895833333333,4.9144861111111116,312.6916527777778,59.10825694444444,37845.98006645833,24681.118143194446,30371.7573225
2017-07-20,27.535833333333333,51.79534722222222,2.4178402777777777,290.6936666666667,81.82519444444443,36726.73311173611,24972.231012638887,30074.895396875
2017-07-21,32.428958333333334,29.35986111111111,1.2023402777777779,299.7936111111111,69.37415277777778,35487.97342173611,24448.786919791666,29318.493723819447
2017-07-22,28.659166666666668,46.03659722222223,4.907916666666667,304.32002083333333,63.023854166666666,35269.50166083334,24016.429324652778,30545.774058472223
2017-07-23,27.36888888888889,41.410138888888895,4.907951388888889,315.91704166666665,52.63840277777778,33720.31007763889,22530.19514763889,31252.761506319446
2017-07-24,27.869375,46.026875,4.907298611111111,312.6679027777778,49.29061111111111,38043.32225895833,28354.535865208334,30630.000000208332
2017-07-25,25.21527777777778,57.533750000000005,4.908256944444444,304.1619375,53.16713888888889,38449.92248104166,26899.208860763887,32700.209205000003
2017-07-26,29.19694444444444,45.28784722222222,4.907013888888889,303.33428472222226,52.38872222222222,38169.61240291667,26363.818565138892,31872.050209097222
2017-07-27,28.38590277777778,47.905208333333334,4.907472222222222,271.810375,76.62990972222222,38322.56921368055,26910.021097430556,31783.179916250003
2017-07-28,29.93881944444444,44.017986111111114,4.907701388888889,290.8479791666666,58.920840277777785,37912.82392055556,26904.50949375,29974.30962361111
2017-07-29,28.541249999999998,43.05201388888889,4.908166666666666,312.1082916666667,41.40273611111111,38000.84163909723,25799.868143541666,27693.179916458335
2017-07-30,26.02104166666667,58.86222222222222,4.907145833333334,276.11864583333335,94.31811111111111,35813.953488541665,24166.218354583332,28235.89958125
2017-07-31,25.591875,57.470277777777774,4.905083333333334,302.5952222222222,64.19770138888889,38586.09080875,26842.088607916667,28292.887029513888
2017-08-01,26.407569444444444,74.77673611111112,4.907097222222222,272.74136805555554,93.13863194444444,37677.46947826389,25656.335797361113,27036.739811875
2017-08-02,26.053680555555555,81.62180555555557,4.909277777777778,101.73022222222222,78.41020833333333,37194.628190972224,25694.931361944444,26051.661441736112
2017-08-03,26.633333333333333,59.76902777777778,4.907138888888889,276.86325694444446,74.73460416666666,37220.24417326389,26990.337909027778,25631.682340555555
2017-08-04,25.985625,68.43159722222222,4.9047777777777775,176.2160763888889,108.76170138888888,37330.47724777777,27400.079197291667,26643.385579930557
2017-08-05,26.40826388888889,78.14909722222222,4.907173611111111,176.26586111111112,98.66665972222222,37556.75915625,26289.017951319445,26805.475444166666
2017-08-06,27.707430555555554,76.17861111111111,4.907055555555555,228.01152083333332,93.26719444444444,35093.629301180554,24831.071805763888,26840.125391805555
2017-08-07,28.437013888888888,64.46472222222222,4.90525,176.74636805555554,94.1250625,38162.70810236111,27918.505807569443,26911.01358451389
2017-08-08,27.12013888888889,82.83722222222222,4.907118055555555,209.4203611111111,114.92797222222222,38733.49611555555,27295.617740277776,28017.554858472224
2017-08-09,28.153125000000003,73.22256944444445,4.907069444444445,212.5071597222222,96.68200694444445,37142.41953375,27358.025343194444,27310.094044097223
2017-08-10,29.543888888888887,45.43743055555555,4.904388888888889,219.7862638888889,89.19946527777778,36886.88124256945,26787.618796458333,26917.575757430557
2017-08-11,30.20263888888889,29.77243055555555,4.905298611111111,266.08402083333334,70.68613194444444,36716.93673666667,26164.14994701389,26341.859979375
2017-08-12,27.676944444444445,37.10993055555556,4.904472222222222,254.42536805555554,68.45174305555555,36136.825749166666,25336.140443750002,26971.24346888889
2017-08-13,24.279444444444444,46.62708333333333,4.9033125,290.44393055555554,53.329458333333335,35035.782463958334,23883.87011666667,26443.260188333334
2017-08-14,23.57513888888889,46.35270833333333,4.907138888888889,282.96979166666665,54.901041666666664,35866.37069888889,24858.949313194447,25483.510971458334
2017-08-15,24.55986111111111,50.581875,4.906319444444445,281.30960416666665,35.398583333333335,37270.32186472222,25800.897571736114,25503.113897847223
2017-08-16,25.027916666666666,57.83861111111111,4.274493055555556,284.1440347222222,35.282986111111114,37440.710321527775,25603.326293194445,26307.54440986111
2017-08-17,24.875138888888888,59.13673611111111,0.07056944444444443,278.3550902777778,36.17358333333333,37974.16204229167,26033.632523680557,26247.85788902778
2017-08-18,24.193472222222223,68.7676388888889,0.06704166666666667,265.23155555555553,46.91834027777778,37316.80355131944,25550.92397041667,26394.81713673611
2017-08-19,25.254583333333333,77.94097222222223,3.5359861111111113,245.18941666666666,55.05615277777778,37128.923418680555,24422.25448826389,26611.368860902778
2017-08-20,25.54416666666667,85.20763888888888,4.922479166666666,116.1379861111111,78.92626388888888,34785.57158701389,22845.03695895833,26054.002089791666
2017-08-21,25.313680555555557,66.89354166666666,4.921604166666667,250.87375,72.92734722222222,36030.499445277776,23703.77507958333,24599.247648958335
2017-08-22,24.101875,51.62152777777778,4.9237569444444444,247.24759027777776,58.833465277777776,36551.74250861111,24347.75607138889,24079.916405416665
2017-08-23,23.697916666666668,55.39604166666666,4.9128125,273.05025694444447,37.4024375,36662.108768541664,24229.4614575,24051.577847430555
2017-08-24,23.66201388888889,61.47430555555555,4.907993055555555,275.37487500000003,31.159909722222224,36685.726969861105,23724.20802548611,23141.985370972223
2017-08-25,23.645,74.48479166666667,4.9163749999999995,264.5234791666667,45.35942361111111,36104.19533826389,23096.62090826389,22677.199581805555
2017-08-26,24.614305555555557,78.66902777777779,4.923902777777778,259.96518055555555,40.35715972222222,36206.88124270833,22771.752903680557,22244.305120555553
2017-08-27,25.01465277777778,79.46173611111111,4.921756944444444,236.8266736111111,67.55585416666666,35153.917869375,21714.80992625,21369.153604791667
2017-08-28,24.82409722222222,88.10763888888889,4.920097222222222,92.80229166666668,66.87461111111111,36161.46503854167,22150.607180416668,19365.60083625
2017-08-29,25.055208333333333,88.55416666666666,4.920541666666667,116.12809722222222,80.93761805555556,35246.34850180556,21694.799366180556,18224.994775347222
2017-08-30,25.570416666666667,78.810625,4.9213125,175.0788611111111,86.386125,32954.495005763885,20837.93558652778,17351.724137777775
2017-08-31,25.05784722222222,59.892152777777774,4.923125,262.5214166666667,24.574229166666665,33062.37513847222,19350.26399159722,16486.144200770836
2017-09-01,23.726805555555554,59.55847222222222,4.923034722222223,253.8271180555556,33.39441666666667,29503.89380527778,16648.856549305558,15470.847804166668
2017-09-02,22.809305555555554,50.539722222222224,4.925131944444445,260.25913888888886,27.9730625,30945.0,17090.85239111111,16712.073544375
2017-09-03,22.453333333333333,51.217013888888886,3.8243472222222223,242.52452777777776,44.70884722222222,31516.59292013889,17444.828482569443,16778.263534305555
2017-09-04,22.110902777777778,62.76861111111111,0.23802083333333332,235.28025,51.061902777777775,31898.185840625,18712.084199861114,16164.167517618056
2017-09-05,22.545555555555556,70.54201388888889,0.2883472222222222,242.6052638888889,43.4645625,33401.19469013889,18901.429314166668,16140.143003055555
2017-09-06,23.61388888888889,76.33381944444444,0.28197222222222224,195.39456944444444,74.45910416666668,32435.619469444442,20269.100831805557,16458.059244166667
2017-09-07,23.555208333333333,79.870625,0.2816666666666667,183.88445833333333,61.37181944444444,34517.47787618056,21021.101871180555,16530.623084694445
2017-09-08,22.987569444444446,78.29055555555556,0.2921458333333333,240.41839583333336,40.67960416666667,34321.637168263886,21364.319127083334,16478.20224777778
2017-09-09,23.453263888888888,72.72111111111111,0.29552083333333334,234.16870833333334,30.06297916666667,33690.044247777776,20151.741164305553,16255.648621111111
2017-09-10,23.313194444444445,67.62277777777778,0.2950902777777778,211.0567638888889,60.32606944444444,31890.176991180557,19304.20997916667,14040.776302256945
2017-09-11,23.834166666666665,63.20506944444445,0.29299305555555555,202.89327083333333,66.88236805555556,33868.27433604167,21514.786902222222,14081.062308715278
2017-09-12,22.863819444444445,55.99395833333333,0.27443750000000006,237.42191666666668,31.81583333333333,34891.46017722222,21267.567567708335,15199.305413812499
2017-09-13,23.16541666666667,58.705000000000005,0.27926388888888887,209.05272222222223,73.70847916666668,35385.08849583333,22083.861746319442,15593.258427083334
2017-09-14,22.988819444444445,56.477013888888884,0.2895277777777778,224.64167361111112,52.090138888888895,35559.64601777778,22360.395010347223,14826.27170611111
2017-09-15,23.80923611111111,50.165,0.3080277777777778,242.85715277777777,39.08677083333333,34246.017699027776,21207.04261958333,14909.7037791875
2017-09-16,20.713680555555555,64.33284722222223,2.3994583333333335,81.19142361111112,67.31406944444444,33550.66371659722,19485.135134444445,15131.399387833333
2017-09-17,19.846805555555555,64.71465277777777,4.9195,231.8835347222222,34.30043055555555,31889.336282986114,17542.09979222222,14585.86312601389
2017-09-18,22.105694444444442,82.35159722222221,4.915666666666667,85.751,70.31368055555555,33455.929203611115,20552.650727638887,14153.462716958333
2017-09-19,22.54076388888889,83.75416666666666,4.915763888888889,92.87131944444444,74.38891666666667,34008.98230048611,20831.52286909722,14443.472931819444
2017-09-20,23.63576388888889,78.25944444444445,4.92125,166.03743055555555,43.778687500000004,34025.13274375,20799.246361527777,14035.791624083335
2017-09-21,26.419027777777778,43.54618055555555,4.922055555555556,224.15963194444444,35.730756944444444,33684.11504409722,20760.29106048611,13943.61593451389
2017-09-22,25.691111111111113,36.75270833333334,4.9236458333333335,211.03272916666666,49.44193055555556,33303.62831861111,19219.932432499998,14289.765066013888
2017-09-23,22.342708333333334,65.44034722222221,4.923472222222222,208.58602777777776,42.144305555555555,33858.274336319446,19336.09667361111,15090.459652652777
2017-09-24,22.10736111111111,75.2725,4.9207986111111115,149.55,63.729104166666666,32220.752211736115,18009.30353451389,14365.393258305556
2017-09-25,21.04111111111111,79.22645833333334,4.927868055555556,190.43255555555555,58.87968055555555,34550.26548645834,20932.874220208334,14114.892747625001
2017-09-26,21.056458333333335,77.073125,4.930493055555555,224.26563194444444,27.78536111111111,33527.56637166667,21431.496881597224,14560.776302423612
2017-09-27,22.038194444444443,75.51145833333334,4.918576388888889,171.5792361111111,52.09770138888889,35228.45132729167,21128.820166597223,14423.738508312501
2017-09-28,21.41986111111111,73.96229166666666,4.918486111111111,177.96050000000002,46.54763888888888,34705.929203541666,23290.228690138887,12443.718079583334
2017-09-29,20.91861111111111,74.46131944444444,4.9191875,199.38122916666669,29.807062499999997,34351.504424652776,22416.294178819444,12431.869254388888
2017-09-30,20.025972222222222,76.91958333333334,4.920555555555556,205.34077083333332,31.490861111111112,31469.60176951389,20334.797297430556,14031.338100194444
2017-10-01,21.655902777777776,68.65034722222222,4.918618055555555,204.105875,30.34165277777778,32339.99999993056,17679.330913194444,13566.767983486112
2017-10-02,23.450555555555557,52.775555555555556,4.921013888888889,178.17947222222222,67.92275000000001,34032.99781194444,20132.468880069446,13620.060790277777
2017-10-03,23.395416666666666,53.64006944444444,4.924715277777778,166.5605763888889,61.88211111111111,34406.87089756944,20822.27697111111,13484.782168465279
2017-10-04,25.464166666666667,52.74590277777778,4.922916666666667,96.70479166666667,62.81485416666666,34055.22975895833,21061.877593541667,13614.468085062499
2017-10-05,24.683402777777776,58.563125,4.921222222222222,144.2428611111111,48.005250000000004,33524.770240624995,22084.802904652777,13883.931104166666
2017-10-06,21.765138888888888,57.22222222222222,4.920006944444444,146.0054375,60.44450694444444,33514.48577673611,21456.016597777776,13731.833839958334
2017-10-07,20.028888888888886,52.948055555555555,4.920902777777778,189.69264583333333,22.88561111111111,33944.33260388889,20357.780082777776,14167.781154826389
2017-10-08,18.19326388888889,67.95048611111112,3.8171597222222227,184.74043055555555,35.85330555555556,32635.886214374998,18559.102697430557,14192.0972645625
2017-10-09,19.472083333333334,73.71083333333334,0.07922222222222222,131.73956944444444,54.155458333333335,33787.002187986116,20748.858921597224,13952.664640277777
2017-10-10,21.952569444444446,72.59090277777779,0.08174305555555555,112.13891666666667,58.316340277777776,33500.700218750004,21267.064315555555,13610.172238666666
2017-10-11,22.34875,63.48368055555555,0.10888194444444445,87.31635416666667,46.17700694444444,34249.40919041666,21029.330913125,13815.075987722223
2017-10-12,20.578055555555554,72.61041666666667,0.08122222222222222,123.61691666666667,47.241506944444446,34645.20787715278,21576.322613680553,13828.206687222222
2017-10-13,21.431319444444444,59.337916666666665,0.09147916666666667,130.73503472222222,51.772131944444446,34045.95185979167,21581.587136805556,13389.017223916666
2017-10-14,19.591319444444444,75.57833333333333,0.09210416666666667,157.89898611111113,38.173770833333336,34079.693654097224,21183.298754652777,13478.419453034723
2017-10-15,19.364375,79.04791666666667,0.07739583333333333,126.65455555555556,53.80732638888889,32785.51422305556,18611.825725833332,13393.596757590278
2017-10-16,20.41513888888889,85.28333333333333,0.13991666666666666,57.731611111111114,39.472659722222225,34242.18818381944,21688.38174277778,13256.210740097224
2017-10-17,20.57090277777778,84.23381944444445,0.08031944444444444,65.27144444444444,48.21395138888889,34570.19693666667,21566.701244444444,13126.484295930555
2017-10-18,19.594652777777778,81.73381944444445,0.22006944444444446,47.52144444444444,30.182249999999996,33808.75273493056,22251.81535284722,13350.638298159722
2017-10-19,19.827430555555555,83.57020833333334,2.8901805555555553,83.11027083333335,52.443999999999996,33550.328227569444,21786.79979236111,13589.260385027777
2017-10-20,20.917638888888888,76.32291666666667,4.924305555555556,161.82046527777777,26.670993055555556,32973.30415729167,21714.185684930555,12526.362715569445
2017-10-21,19.33076388888889,80.72048611111111,4.917354166666667,131.61040277777778,41.83134722222222,33065.12035020834,21001.68568465278,13083.809523666667
2017-10-22,19.56222222222222,80.68194444444445,4.917472222222222,137.3493263888889,55.34859027777778,31885.820568819447,18621.213692777776,13026.058764104167
2017-10-23,19.907638888888886,79.66777777777777,4.917125,55.048541666666665,45.16324305555556,33245.60175083333,21183.739627083334,13219.655521777777
2017-10-24,19.817638888888887,76.21972222222222,4.917819444444444,102.07743055555555,67.76420138888889,33586.52078791666,21731.56120298611,12999.027355812499
2017-10-25,20.119305555555556,80.40631944444445,2.977701388888889,76.1337638888889,45.89038888888889,31737.374179305552,23373.158713819445,13018.642350361111
2017-10-26,19.50451388888889,70.000625,0.08348611111111111,63.07386805555556,40.434083333333334,30602.582056666666,24620.539419166667,12781.843971506945
2017-10-27,19.016805555555557,65.48694444444445,3.0544861111111112,106.21040277777779,54.675784722222225,29697.242888194443,24170.357883680557,12669.584599784723
2017-10-28,16.954513888888886,77.70027777777779,4.9175,158.8733125,28.77875694444445,29818.730853541663,23860.243775833333,12437.608915819445
2017-10-29,18.201319444444444,79.04152777777777,4.9185486111111105,107.91886805555555,56.53020138888889,28570.19693673611,21305.264522916666,12165.106383006943
2017-10-30,18.865694444444443,81.78888888888889,3.681861111111111,68.05613194444445,56.44539583333333,30251.466083333336,23985.191908541667,12014.711245777777
2017-10-31,19.169444444444444,70.86284722222223,0.07569444444444445,28.8981875,24.499881944444446,30503.982494930555,24526.011410555555,12193.06990875
2017-11-01,18.60638888888889,48.48555555555556,0.08466666666666667,138.36177083333334,115.2623402777778,30039.957265208333,24413.61053715278,12124.417670319444
2017-11-02,20.068333333333335,56.883472222222224,0.08271527777777778,139.30314583333333,120.47122222222222,29621.239315972223,24091.115702638886,12309.076305006944
2017-11-03,17.67625,76.07520833333334,0.07998611111111112,117.34376388888889,103.42417361111112,29287.222222708333,23955.44938013889,12181.767068229166
2017-11-04,17.819374999999997,75.27944444444444,0.07695833333333334,149.03600694444447,146.24422916666668,29196.32478631944,23814.204545625,12418.27309251389
2017-11-05,18.536527777777778,77.90618055555555,0.07055555555555555,148.60816666666668,152.5657361111111,27486.837607083333,21146.5650825,12042.168674499999
2017-11-06,19.832708333333333,74.3225,0.06959722222222223,147.61178472222224,149.2069097222222,28511.282051388887,21899.664255555555,11877.590361409722
2017-11-07,20.44298611111111,72.17520833333333,0.07050694444444444,102.74566666666666,92.72872916666667,29294.74358979167,23334.73656986111,11958.674698972223
2017-11-08,20.202291666666667,74.97006944444445,0.06943055555555556,122.0315138888889,93.04162500000001,28987.948717708336,23731.895660833332,14566.746987625
2017-11-09,18.917777777777776,80.46694444444444,0.07063194444444444,88.1866875,71.52966666666667,29138.119658125,23827.789255694443,15358.313253111111
2017-11-10,18.072916666666668,76.88805555555555,0.0722986111111111,131.67144444444446,74.41799999999999,28797.094017083335,23219.70557861111,14345.702811319445
2017-11-11,19.13111111111111,69.54847222222222,0.07252083333333333,108.12478472222222,86.23581250000001,28211.880341736112,22879.493801875,12098.915662166666
2017-11-12,17.800625,71.78368055555556,0.07384722222222223,119.26389583333334,63.81722916666667,27206.666666527777,20463.403925416667,14752.369477798613
2017-11-13,19.504791666666666,64.83715277777777,0.07135416666666666,140.99630555555555,42.011125,29159.017094097224,23331.81818201389,15423.654618125001
2017-11-14,18.334999999999997,73.56958333333334,0.07115277777777779,130.50905555555556,42.400104166666665,29069.529914791667,23484.529958402778,15522.449798798612
2017-11-15,17.289375,72.31416666666667,0.08209027777777778,129.1566388888889,49.4688125,29751.495726458335,23461.492768819444,13779.759036166666
2017-11-16,16.09875,73.14270833333333,0.07769444444444445,131.21231944444446,41.66994444444444,30065.042735416668,22906.97314020833,15213.855421236112
2017-11-17,15.260208333333331,76.15736111111111,0.07809722222222222,76.48702777777777,57.4248125,28701.79487201389,22936.751032569446,15813.935743104164
2017-11-18,15.355069444444446,81.35041666666666,3.328638888888889,131.6977777777778,36.144826388888895,28371.196581180557,20991.709710694446,15763.895582284724
2017-11-19,15.188333333333333,75.85541666666667,3.668986111111111,127.3949375,38.31959722222222,27354.914530069444,20646.02272736111,12332.329317493055
2017-11-20,17.409791666666663,59.23444444444445,0.0817638888888889,108.52060416666667,37.187375,29020.512820347223,23842.949380416667,11789.236947916666
2017-11-21,13.486944444444443,50.96340277777777,1.973152777777778,132.552625,22.327944444444444,29386.83760680556,24025.077479444444,11619.156626729167
2017-11-22,12.205416666666666,64.80375,4.430513888888889,101.66403472222221,42.528625000000005,29260.47008541667,23749.43181826389,11660.000000256945
2017-11-23,10.322131944444443,69.80159722222223,4.804597222222222,117.18429166666667,33.38191666666667,29270.68376090278,23583.626033124998,11560.963855277778
2017-11-24,13.412916666666668,56.933125000000004,4.635861111111111,124.01527083333333,24.22184027777778,28769.70085465278,23852.37603298611,11231.40562238889
2017-11-25,17.317847222222223,57.75763888888889,1.5022222222222221,128.41800694444444,22.22672222222222,28772.0940175,23594.834710625,11341.084336979166
2017-11-26,15.808680555555554,63.248194444444444,3.966958333333333,125.29852083333334,19.945159722222222,28298.034187569443,21437.138429861112,11303.052209090278
2017-11-27,13.051250000000001,79.35916666666667,0.5799444444444445,121.50699305555557,27.517020833333333,29000.470085625,24256.921487430558,11621.0040160625
2017-11-28,16.71152777777778,70.99201388888889,4.165402777777778,119.17836805555557,22.79651388888889,29775.598290555554,24475.30991736111,11602.168674798611
2017-11-29,16.910416666666666,66.28840277777778,3.392104166666667,107.11121527777777,28.05117361111111,30450.769230972226,24934.969008194443,11540.441767145832
2017-11-30,14.044583333333334,76.02263888888889,0.07480555555555556,119.24893750000001,28.353923611111114,29805.726495694445,24924.354339166668,10722.489959833334
2017-12-01,17.141875,68.53555555555556,0.08174305555555555,113.94352083333332,36.527520833333334,26995.901986041667,21047.637311944443,10530.612245020833
2017-12-02,16.131666666666668,63.79465277777778,0.082875,83.21208333333334,40.53173611111111,27669.37051097222,21498.44021701389,10936.53461376389
2017-12-03,14.080833333333334,70.36263888888888,1.2478749999999998,77.1569375,37.14458333333333,27016.603295208333,21116.191060694444,11059.583833201388
2017-12-04,13.886319444444446,71.67138888888888,2.0493194444444445,95.56801388888888,39.30783333333333,29151.62653118056,23862.329957777776,10956.462584958332
2017-12-05,12.006180555555556,70.05604166666666,0.7165,121.76993055555555,37.62065277777778,29394.88804388889,24108.49442576389,11119.687875243057
2017-12-06,10.474673611111111,66.34125,0.7731875,120.58330555555555,24.511458333333334,29318.462188194448,24217.93494958333,11248.379351680554
2017-12-07,9.849875,73.57375,0.20714583333333333,122.64124305555555,26.895027777777777,29148.246725902776,24631.788892638888,11041.576630708332
2017-12-08,12.431458333333333,61.934999999999995,0.08288194444444445,124.03355555555555,31.51386805555556,28952.091254444444,24373.299580694445,11207.84313725
2017-12-09,10.767833333333334,74.61152777777778,0.08103472222222223,106.17463888888888,29.32529861111111,29243.008026666666,24124.78265298611,11336.174469451389
2017-12-10,10.555138888888889,77.75534722222223,0.08291666666666667,92.20804861111111,53.978145833333336,27869.75073951389,22083.33333284722,11183.83353345139
2017-12-11,11.023347222222222,80.70659722222223,0.08145833333333334,111.54339583333334,32.725743055555554,30070.00422451389,24005.830009375,11887.755102256946
2017-12-12,18.231527777777778,47.37506944444445,0.08373611111111111,111.1753125,43.959208333333336,29577.566540138887,24001.04837888889,10759.903961388889
2017-12-13,13.449791666666666,56.13319444444445,0.08133333333333333,39.50278472222222,30.49004861111111,29584.19940888889,23855.681701944446,10866.706682541666
2017-12-14,12.905972222222223,67.633125,0.0845763888888889,45.90214583333333,36.85794444444444,29721.71525125,24472.537588333333,10833.853541381945
2017-12-15,15.273263888888888,65.94729166666667,0.08197916666666666,47.96011111111111,45.080194444444444,29391.170257916667,24005.062902569443,10767.0268106875
2017-12-16,14.247708333333334,74.94215277777778,0.08265277777777778,117.27513194444444,19.472625,28762.526404722223,22871.02383138889,10703.121248590278
2017-12-17,13.299930555555555,75.935,0.5993611111111111,118.12492361111111,19.250423611111113,27212.589776180554,21915.055742916666,10669.787915006944
2017-12-18,12.452083333333333,84.36305555555556,0.08229861111111111,112.88269444444444,27.92192361111111,29621.67300402778,24280.55640798611,10582.232893194443
2017-12-19,13.220694444444444,82.36243055555556,0.08078472222222222,117.77371527777778,28.59073611111111,29655.217575,24515.495550277778,10780.272108708334
2017-12-20,15.852083333333333,71.81395833333333,0.07346527777777777,90.94306944444445,44.25578472222222,29736.459653541664,24401.145545555555,10848.6194478125
2017-12-21,16.254375,68.77645833333332,0.07506249999999999,50.03563194444445,46.61829861111111,29631.51668805555,24075.50884784722,10666.90676292361
2017-12-22,15.330694444444443,72.5573611111111,0.07436805555555555,92.74720138888888,32.91083333333333,28978.36924326389,23906.89884388889,10899.75990388889
2017-12-23,12.032291666666667,80.91243055555555,0.08035416666666667,76.502125,38.71149305555556,28971.102661597222,23753.554259930555,11316.886754868056
2017-12-24,11.741597222222222,81.01236111111112,0.08269444444444445,111.04970833333333,27.917104166666668,27467.300380416666,21547.944154791665,11164.985994298611
2017-12-25,10.62154861111111,76.29201388888889,0.08327083333333334,115.66103472222221,24.04906944444444,29980.94634611111,24562.161194722223,11182.593036888888
2017-12-26,11.621840277777778,69.07090277777777,0.0830625,106.8366875,50.76038888888889,30013.476974999998,24757.006239027778,11395.678271534722
2017-12-27,15.232916666666666,59.445902777777775,0.08202777777777778,95.89067361111111,41.7050625,29966.962399305557,25057.481845416667,11498.279311618056
2017-12-28,13.662361111111112,62.839375000000004,0.08135416666666667,112.62015972222223,30.20936111111111,30267.004647152775,24585.251099305555,11167.026810736112
2017-12-29,12.990486111111112,49.07875,0.07818055555555554,122.22002083333334,23.971020833333334,29209.632445763888,24610.82131479167,11171.2685073125
2017-12-30,11.688993055555555,51.361666666666665,0.07817361111111111,123.814125,24.039944444444444,28145.669623958336,24211.286693194445,11560.824329451389
