题号,章节,原书印刷页,完整PDF物理页,本包题源页文件,备注
12.1,12,405,428,ch12_p428.png,题面与短答
12.2,12,405,428,ch12_p428.png,题面与短答
12.3,12,405,428,ch12_p428.png,题面与短答
12.4,12,405,428,ch12_p428.png,题面与短答
12.5,12,405,428,ch12_p428.png,题面与短答
12.6,12,406,429,ch12_p429.png,题面与短答
12.7,12,406,429,ch12_p429.png,题面与短答
12.8,12,406,429,ch12_p429.png,题面与短答
12.9,12,406,429,ch12_p429.png,题面与短答
12.10,12,406,429,ch12_p429.png,题面与短答
12.11,12,406-407,429-430,ch12_p429.png;ch12_p430.png,题面跨页，短答续页
12.12,12,407,430,ch12_p430.png,题面与短答
12.13,12,407,430,ch12_p430.png,题面与短答
13.1,13,460,483,ch13_p483.png,题面与短答
13.2,13,460,483,ch13_p483.png,题面与短答
13.3,13,460,483,ch13_p483.png,题面与短答
13.4,13,460-461,483-484,ch13_p483.png;ch13_p484.png,题面跨页
13.5,13,461,484,ch13_p484.png,题面与短答
13.6,13,461,484,ch13_p484.png,题面与短答
13.7,13,461-462,484-485,ch13_p484.png;ch13_p485.png,题面跨页
13.8,13,462,485,ch13_p485.png,题面与短答
13.9,13,462,485,ch13_p485.png,题面与短答
13.10,13,462,485,ch13_p485.png,题面与短答
13.11,13,462,485,ch13_p485.png,题面与短答
13.12,13,463,486,ch13_p486.png,题面与短答
13.13,13,463,486,ch13_p486.png,题面与短答
13.14,13,463,486,ch13_p486.png,题面与短答
13.15,13,463,486,ch13_p486.png,题面与短答
13.16,13,463,486,ch13_p486.png,题面与短答
13.17,13,463-464,486-487,ch13_p486.png;ch13_p487.png,题面跨页
13.18,13,464,487,ch13_p487.png,题面与提示
